DAY_DATE,TRANSDATE_WID,OMZET
00:00.0,20190929,51234.21
00:00.0,20190928,32474.41
00:00.0,20190927,26442.21
00:00.0,20190926,25740.1
00:00.0,20190925,31743.97
00:00.0,20190924,23058.66
00:00.0,20190923,22696.53
00:00.0,20190922,142954.67
00:00.0,20190921,26336.42
00:00.0,20190920,21017.13
00:00.0,20190919,26370.35
00:00.0,20190918,19387.57
00:00.0,20190917,15123.4
00:00.0,20190916,15687.65
00:00.0,20190915,20634.79
00:00.0,20190914,17916.82
00:00.0,20190913,24664.02
00:00.0,20190912,19903.55
00:00.0,20190911,33620.45
00:00.0,20190910,25109.39
00:00.0,20190909,32576.99
00:00.0,20190908,41336.6
00:00.0,20190907,32083.45
00:00.0,20190906,25914.97
00:00.0,20190905,27564.74
00:00.0,20190904,25982.89
00:00.0,20190903,20892.64
00:00.0,20190902,59825.58
00:00.0,20190901,59442.04
00:00.0,20190831,28023.66
00:00.0,20190830,23309.2
00:00.0,20190829,23466.67
00:00.0,20190828,28755.48
00:00.0,20190827,24728.71
00:00.0,20190826,20164.43
00:00.0,20190825,21522.88
00:00.0,20190824,22675.03
00:00.0,20190823,30969.48
00:00.0,20190822,29178.7
00:00.0,20190821,39179
00:00.0,20190820,45064.66
00:00.0,20190819,46433.33
00:00.0,20190818,23295.33
00:00.0,20190817,26738.74
00:00.0,20190816,15423.6
00:00.0,20190815,18921.31
00:00.0,20190814,15811.15
00:00.0,20190813,13252.76
00:00.0,20190812,11307.61
00:00.0,20190811,14894.05
00:00.0,20190810,15187.9
00:00.0,20190809,12061.65
00:00.0,20190808,8873.04
00:00.0,20190807,12196.84
00:00.0,20190806,11915.5
00:00.0,20190805,9571.17
00:00.0,20190804,8773.23
00:00.0,20190803,10855.85
00:00.0,20190802,7591.12
00:00.0,20190801,10415.49
00:00.0,20190731,20287.48
00:00.0,20190730,18006.4
00:00.0,20190729,22933.28
00:00.0,20190728,20529.84
00:00.0,20190727,20852.18
00:00.0,20190726,12963.23
00:00.0,20190725,10863.22
00:00.0,20190724,12857.62
00:00.0,20190723,13731.34
00:00.0,20190722,13647.34
00:00.0,20190721,24986.73
00:00.0,20190720,32113.75
00:00.0,20190719,38838.54
00:00.0,20190718,57866.91
00:00.0,20190717,34950.18
00:00.0,20190716,23279.93
00:00.0,20190715,29467.15
00:00.0,20190714,38410.66
00:00.0,20190713,40573.3
00:00.0,20190712,33659.29
00:00.0,20190711,48948.28
00:00.0,20190710,19500.66
00:00.0,20190709,23718.23
00:00.0,20190708,36682.36
00:00.0,20190707,53651.66
00:00.0,20190706,45970.43
00:00.0,20190705,32036.19
00:00.0,20190704,50240.97
00:00.0,20190703,123208.14
00:00.0,20190702,37444.57
00:00.0,20190701,77667.19
00:00.0,20190630,56780.45
00:00.0,20190629,34020.29
00:00.0,20190628,38215.91
00:00.0,20190627,43140.64
00:00.0,20190626,51932.24
00:00.0,20190625,44171.03
00:00.0,20190624,19960.99
00:00.0,20190623,51910.94
00:00.0,20190622,34540.56
00:00.0,20190621,30626.91
00:00.0,20190620,32118.45
00:00.0,20190619,36156.53
00:00.0,20190618,37054.29
00:00.0,20190617,36632.98
00:00.0,20190616,54773.99
00:00.0,20190615,57989.16
00:00.0,20190614,43502.33
00:00.0,20190613,90593.24
00:00.0,20190612,106433.83
00:00.0,20190611,51210.33
00:00.0,20190610,85070.78
00:00.0,20190609,45816.72
00:00.0,20190608,46968.97
00:00.0,20190607,23777.38
00:00.0,20190606,21550.99
00:00.0,20190605,33014.39
00:00.0,20190604,22144.08
00:00.0,20190603,17211.32
00:00.0,20190602,28940.79
00:00.0,20190601,22312.27
00:00.0,20190531,19740.74
00:00.0,20190530,22270.95
00:00.0,20190529,14597.22
00:00.0,20190528,19106.7
00:00.0,20190527,86477.82
00:00.0,20190526,55718.14
00:00.0,20190525,15863.21
00:00.0,20190524,14042.11
00:00.0,20190523,14650.27
00:00.0,20190522,16940.57
00:00.0,20190521,12294.95
00:00.0,20190520,20369.15
00:00.0,20190519,28139.17
00:00.0,20190518,20850.22
00:00.0,20190517,14750.43
00:00.0,20190516,19239.1
00:00.0,20190515,28405.32
00:00.0,20190514,21729.85
00:00.0,20190513,20889.69
00:00.0,20190512,37189.28
00:00.0,20190511,26124.49
00:00.0,20190510,20608.95
00:00.0,20190509,15531.09
00:00.0,20190508,27946.89
00:00.0,20190507,16114.48
00:00.0,20190506,20751.65
00:00.0,20190505,108204.64
00:00.0,20190504,60201.3
00:00.0,20190503,41732.11
00:00.0,20190502,48025.47
00:00.0,20190501,57465.7
00:00.0,20190430,35228.7
00:00.0,20190429,35158.97
00:00.0,20190428,65132.78
00:00.0,20190427,63887.94
00:00.0,20190426,37616.9
00:00.0,20190425,15605.51
00:00.0,20190424,21986.5
00:00.0,20190423,28122.87
00:00.0,20190422,236703.6
00:00.0,20190421,95153.31
00:00.0,20190420,33134.08
00:00.0,20190419,25376.93
00:00.0,20190418,29691.37
00:00.0,20190417,56423.53
00:00.0,20190416,61713.51
00:00.0,20190415,32652.24
00:00.0,20190414,69161.08
00:00.0,20190413,38420.86
00:00.0,20190412,24987.64
00:00.0,20190411,19600.24
00:00.0,20190410,33552.77
00:00.0,20190409,31516.21
00:00.0,20190408,32495.48
00:00.0,20190407,44126.97
00:00.0,20190406,33815.7
00:00.0,20190405,27095.71
00:00.0,20190404,36861.78
00:00.0,20190403,57731.91
00:00.0,20190402,47651.68
00:00.0,20190401,33257.38
00:00.0,20190331,33273.5
00:00.0,20190330,21353.84
00:00.0,20190329,15973.88
00:00.0,20190328,27751.27
00:00.0,20190327,17962.53
00:00.0,20190326,15338.34
00:00.0,20190325,12387.19
00:00.0,20190324,51783.63
00:00.0,20190323,34915.08
00:00.0,20190322,17666.44
00:00.0,20190321,13862.18
00:00.0,20190320,21368.78
00:00.0,20190319,15349.88
00:00.0,20190318,9602.82
00:00.0,20190317,35268.91
00:00.0,20190316,22631.04
00:00.0,20190315,17491.72
00:00.0,20190314,17851.56
00:00.0,20190313,12673.08
00:00.0,20190312,9469.03
00:00.0,20190311,12263.84
00:00.0,20190310,36194.52
00:00.0,20190309,21032.01
00:00.0,20190308,18068.65
00:00.0,20190307,19839.47
00:00.0,20190306,18193.01
00:00.0,20190305,18204.09
00:00.0,20190304,16256.36
00:00.0,20190303,27972.49
00:00.0,20190302,22506.66
00:00.0,20190301,25148.52
00:00.0,20190228,25293.36
00:00.0,20190227,36276.5
00:00.0,20190226,35568.03
00:00.0,20190225,23406.23
00:00.0,20190224,23373.17
00:00.0,20190223,17450.08
00:00.0,20190222,13860.14
00:00.0,20190221,14223.06
00:00.0,20190220,17854.93
00:00.0,20190219,10853.22
00:00.0,20190218,8858.26
00:00.0,20190217,18666.98
00:00.0,20190216,17754.16
00:00.0,20190215,16048.35
00:00.0,20190214,6441.1
00:00.0,20190213,20910.37
00:00.0,20190212,6971.81
00:00.0,20190211,12073.15
00:00.0,20190210,59090.58
00:00.0,20190209,19044.07
00:00.0,20190208,23058.12
00:00.0,20190207,10483.28
00:00.0,20190206,12316.8
00:00.0,20190205,13864.96
00:00.0,20190204,11636.37
00:00.0,20190203,29240.94
00:00.0,20190202,49743.2
00:00.0,20190201,25813.08
00:00.0,20190131,32274.74
00:00.0,20190130,59624.59
00:00.0,20190129,26435.29
00:00.0,20190128,19922.87
00:00.0,20190127,46371.53
00:00.0,20190126,28714
00:00.0,20190125,30167.6
00:00.0,20190124,73564.59
00:00.0,20190123,110201.15
00:00.0,20190122,40312.96
00:00.0,20190121,51893.99
00:00.0,20190120,33515.09
00:00.0,20190119,33520.92
00:00.0,20190118,22074.85
00:00.0,20190117,15730.15
00:00.0,20190116,20651.56
00:00.0,20190115,6250.7
00:00.0,20190114,17034.81
00:00.0,20190113,33525.69
00:00.0,20190112,28385.22
00:00.0,20190111,28312.44
00:00.0,20190110,21666.3
00:00.0,20190109,42929.14
00:00.0,20190108,34127.81
00:00.0,20190107,19183.52
00:00.0,20190106,41001.43
00:00.0,20190105,47000.31
00:00.0,20190104,37687.78
00:00.0,20190103,75653.11
00:00.0,20190102,69140.32
00:00.0,20190101,23946.44
00:00.0,20181231,17482.03
00:00.0,20181230,26623.29
00:00.0,20181229,26065.12
00:00.0,20181228,39744.37
00:00.0,20181227,39624.63
00:00.0,20181226,43677.23
00:00.0,20181225,13015.19
00:00.0,20181224,12065.24
00:00.0,20181223,37183.65
00:00.0,20181222,37933.39
00:00.0,20181221,27514.13
00:00.0,20181220,32489.57
00:00.0,20181219,57905.5
00:00.0,20181218,49692.89
00:00.0,20181217,67434.94
00:00.0,20181216,53542.15
00:00.0,20181215,44521.91
00:00.0,20181214,26910.34
00:00.0,20181213,25582.91
00:00.0,20181212,32694.78
00:00.0,20181211,20917.25
00:00.0,20181210,25746.9
00:00.0,20181209,40892.02
00:00.0,20181208,35016.05
00:00.0,20181207,37971.2
00:00.0,20181206,48638.47
00:00.0,20181205,31348.41
00:00.0,20181204,16767.18
00:00.0,20181203,26055.75
00:00.0,20181202,33464.45
00:00.0,20181201,27544.26
00:00.0,20181130,44705.26
00:00.0,20181129,32306.97
00:00.0,20181128,26133.72
00:00.0,20181127,20782.98
00:00.0,20181126,26350.9
00:00.0,20181125,63290.7
00:00.0,20181124,53382.56
00:00.0,20181123,126910.32
00:00.0,20181122,67824.14
00:00.0,20181121,75506.24
00:00.0,20181120,40069.9
00:00.0,20181119,26819.57
00:00.0,20181118,31852.27
00:00.0,20181117,22453.43
00:00.0,20181116,21123.13
00:00.0,20181115,17165.99
00:00.0,20181114,21062.27
00:00.0,20181113,17602.18
00:00.0,20181112,18372.29
00:00.0,20181111,34190.82
00:00.0,20181110,28864.98
00:00.0,20181109,19843.63
00:00.0,20181108,18579.04
00:00.0,20181107,19143.9
00:00.0,20181106,8950.17
00:00.0,20181105,13516.51
00:00.0,20181104,46264.3
00:00.0,20181103,33600.03
00:00.0,20181102,27996.03
00:00.0,20181101,28260.12
00:00.0,20181031,20215.35
00:00.0,20181030,17310.54
00:00.0,20181029,22586.61
00:00.0,20181028,28903.17
00:00.0,20181027,18241.63
00:00.0,20181026,49233.18
00:00.0,20181025,18177.98
00:00.0,20181024,21701.52
00:00.0,20181023,18961.4
00:00.0,20181022,20585.07
00:00.0,20181021,28128.25
00:00.0,20181020,23989.65
00:00.0,20181019,21860.89
00:00.0,20181018,13886.42
00:00.0,20181017,15748.45
00:00.0,20181016,7551.24
00:00.0,20181015,13505.16
00:00.0,20181014,29570.33
00:00.0,20181013,54412.84
00:00.0,20181012,27951.33
00:00.0,20181011,9620.94
00:00.0,20181010,15304.59
00:00.0,20181009,16156.32
00:00.0,20181008,150069.78
00:00.0,20181007,62462.28
00:00.0,20181006,65942.04
00:00.0,20181005,77285.24
00:00.0,20181004,72834.35
00:00.0,20181003,91527.93
00:00.0,20181002,114180.07
00:00.0,20181001,79198.11
00:00.0,20180930,36733.89
00:00.0,20180929,34190.36
00:00.0,20180928,23362.14
00:00.0,20180927,23621.34
00:00.0,20180926,22476.13
00:00.0,20180925,20999.73
00:00.0,20180924,141488.58
00:00.0,20180923,46710.4
00:00.0,20180922,24018.06
00:00.0,20180921,16279.55
00:00.0,20180920,5856.55
00:00.0,20180919,15156.82
00:00.0,20180918,11235.65
00:00.0,20180917,18799.1
00:00.0,20180916,36761.43
00:00.0,20180915,26640.53
00:00.0,20180914,23835.05
00:00.0,20180913,27847.85
00:00.0,20180912,20523.41
00:00.0,20180911,20440.8
00:00.0,20180910,18788.11
00:00.0,20180909,23892.02
00:00.0,20180908,18320.3
00:00.0,20180907,69144.51
00:00.0,20180906,17703.28
00:00.0,20180905,21673.65
00:00.0,20180904,18264.12
00:00.0,20180903,37354.95
00:00.0,20180902,33946.01
00:00.0,20180901,29394.84
00:00.0,20180831,23266.23
00:00.0,20180830,26693.11
00:00.0,20180829,24969.15
00:00.0,20180828,25119.66
00:00.0,20180827,29007.66
00:00.0,20180826,30134.88
00:00.0,20180825,36248.7
00:00.0,20180824,35762.79
00:00.0,20180823,41922.55
00:00.0,20180822,16285.97
00:00.0,20180821,11837.35
00:00.0,20180820,14157.68
00:00.0,20180819,23625.07
00:00.0,20180818,24513.39
00:00.0,20180817,46969.35
00:00.0,20180816,40874.17
00:00.0,20180815,15193.73
00:00.0,20180814,15702.78
00:00.0,20180813,8291.13
00:00.0,20180812,7416.38
00:00.0,20180811,7366.07
00:00.0,20180810,6488.24
00:00.0,20180809,7803.56
00:00.0,20180808,5994.23
00:00.0,20180807,9066.77
00:00.0,20180806,6755.54
00:00.0,20180805,7903.36
00:00.0,20180804,5902.75
00:00.0,20180803,8274.7
00:00.0,20180802,2701.62
00:00.0,20180801,2954.7
00:00.0,20180731,7809.57
00:00.0,20180730,3613.55
00:00.0,20180729,8211.02
00:00.0,20180728,6880.24
00:00.0,20180727,9415.06
00:00.0,20180726,6835.63
00:00.0,20180725,2316.08
00:00.0,20180724,1329.33
00:00.0,20180723,883.82
00:00.0,20180722,86960.35
00:00.0,20180721,67582.86
00:00.0,20180720,11069.28
00:00.0,20180719,10472.41
00:00.0,20180718,19831.13
00:00.0,20180717,19881.84
00:00.0,20180716,32725.7
00:00.0,20180715,14998.23
00:00.0,20180714,14605.92
00:00.0,20180713,14904.32
00:00.0,20180712,25987.31
00:00.0,20180711,18456.88
00:00.0,20180710,24969.65
00:00.0,20180709,18049.97
00:00.0,20180708,37279.18
00:00.0,20180707,31993.02
00:00.0,20180706,65009.18
00:00.0,20180705,24332.68
00:00.0,20180704,38349.54
00:00.0,20180703,44625.46
00:00.0,20180702,57735.89
00:00.0,20180701,76250.93
00:00.0,20180630,90739.55
00:00.0,20180629,22454.12
00:00.0,20180628,10624.87
00:00.0,20180627,14332.64
00:00.0,20180626,7101.22
00:00.0,20180625,11969.2
00:00.0,20180624,29891.54
00:00.0,20180623,17095.13
00:00.0,20180622,16389.28
00:00.0,20180621,19766.1
00:00.0,20180620,30445.44
00:00.0,20180619,19349.76
00:00.0,20180618,27639.48
00:00.0,20180617,32503.38
00:00.0,20180616,35503.66
00:00.0,20180615,43619.62
00:00.0,20180614,23812.2
00:00.0,20180613,29546.37
00:00.0,20180612,39176.17
00:00.0,20180611,42830.19
00:00.0,20180610,23945.22
00:00.0,20180609,30586.37
00:00.0,20180608,49516.01
00:00.0,20180607,5014.99
00:00.0,20180606,11111.22
00:00.0,20180605,8440.82
00:00.0,20180604,15650.43
00:00.0,20180603,14672.96
00:00.0,20180602,16734.74
00:00.0,20180601,12984.73
00:00.0,20180531,27381.49
00:00.0,20180530,13476.98
00:00.0,20180529,13982.93
00:00.0,20180528,9808.6
00:00.0,20180527,16894.43
00:00.0,20180526,8866.32
00:00.0,20180525,9115.67
00:00.0,20180524,2735.61
00:00.0,20180523,11720
00:00.0,20180522,33216.07
00:00.0,20180521,100592.45
00:00.0,20180520,30017.18
00:00.0,20180519,43038.45
00:00.0,20180518,15628.19
00:00.0,20180517,6397.98
00:00.0,20180516,15747
00:00.0,20180515,16667.75
00:00.0,20180514,15781.95
00:00.0,20180513,19621.56
00:00.0,20180512,13089.44
00:00.0,20180511,37283.65
00:00.0,20180510,112544.75
00:00.0,20180509,24071.54
00:00.0,20180508,9465.04
00:00.0,20180507,14734.84
00:00.0,20180506,12306.9
00:00.0,20180505,11974.13
00:00.0,20180504,10316.58
00:00.0,20180503,6712.56
00:00.0,20180502,18959.35
00:00.0,20180501,85238.13
00:00.0,20180430,44358.86
00:00.0,20180429,44178.31
00:00.0,20180428,31514.55
00:00.0,20180427,20694.73
00:00.0,20180426,23359.32
00:00.0,20180425,32420.37
00:00.0,20180424,41500.88
00:00.0,20180423,27755.4
00:00.0,20180422,14787.88
00:00.0,20180421,13258.1
00:00.0,20180420,11406.52
00:00.0,20180419,16272.85
00:00.0,20180418,18395.31
00:00.0,20180417,70760.47
00:00.0,20180416,137077.51
00:00.0,20180415,106674.31
00:00.0,20180414,26788.78
00:00.0,20180413,33469.59
00:00.0,20180412,46064.61
00:00.0,20180411,62753.25
00:00.0,20180410,60253.6
00:00.0,20180409,26318.14
00:00.0,20180408,44067.45
00:00.0,20180407,21292.39
00:00.0,20180406,20086.29
00:00.0,20180405,18907.28
00:00.0,20180404,25627.61
00:00.0,20180403,24234.09
00:00.0,20180402,110719.25
00:00.0,20180401,53222.11
00:00.0,20180331,32140.25
00:00.0,20180330,23328.69
00:00.0,20180329,31526.24
00:00.0,20180328,47935.68
00:00.0,20180327,35095.67
00:00.0,20180326,32198.39
00:00.0,20180325,18293.47
00:00.0,20180324,13789.71
00:00.0,20180323,15180.21
00:00.0,20180322,23993.29
00:00.0,20180321,16996.76
00:00.0,20180320,12790.94
00:00.0,20180319,10521.52
00:00.0,20180318,21979.46
00:00.0,20180317,17607.04
00:00.0,20180316,11497.07
00:00.0,20180315,13631.51
00:00.0,20180314,16194.01
00:00.0,20180313,15079.92
00:00.0,20180312,17767.77
00:00.0,20180311,23448.07
00:00.0,20180310,15871.84
00:00.0,20180309,17120.52
00:00.0,20180308,24805.3
00:00.0,20180307,16348.44
00:00.0,20180306,13691.2
00:00.0,20180305,14067.11
00:00.0,20180304,36166.75
00:00.0,20180303,21901.2
00:00.0,20180302,19271.43
00:00.0,20180301,18409.72
00:00.0,20180228,25730.06
00:00.0,20180227,18765.29
00:00.0,20180226,11997.51
00:00.0,20180225,12523.63
00:00.0,20180224,10465.83
00:00.0,20180223,7915.68
00:00.0,20180222,13108.45
00:00.0,20180221,14085.11
00:00.0,20180220,10058.86
00:00.0,20180219,10118.77
00:00.0,20180218,9747.77
00:00.0,20180217,8125.16
00:00.0,20180216,7671.98
00:00.0,20180215,7483.84
00:00.0,20180214,10505.34
00:00.0,20180213,10587.51
00:00.0,20180212,8936.54
00:00.0,20180211,6750.5
00:00.0,20180210,6607.15
00:00.0,20180209,7884.51
00:00.0,20180208,7629.82
00:00.0,20180207,8746.12
00:00.0,20180206,7766.5
00:00.0,20180205,7859.2
00:00.0,20180204,7228.57
00:00.0,20180203,7507.27
00:00.0,20180202,8859.32
00:00.0,20180201,7545.89
00:00.0,20180131,16213.83
00:00.0,20180130,11677.63
00:00.0,20180129,16481.83
00:00.0,20180128,28324.09
00:00.0,20180127,22150.53
00:00.0,20180126,24482.13
00:00.0,20180125,19755.67
00:00.0,20180124,29046.3
00:00.0,20180123,21948.99
00:00.0,20180122,20818.91
00:00.0,20180121,43773.12
00:00.0,20180120,42103.63
00:00.0,20180119,41488.93
00:00.0,20180118,58663
00:00.0,20180117,102553.17
00:00.0,20180116,12801.48
00:00.0,20180115,17989.55
00:00.0,20180114,32107.57
00:00.0,20180113,27094.11
00:00.0,20180112,28979.27
00:00.0,20180111,25902.55
00:00.0,20180110,35653.71
00:00.0,20180109,52766.25
00:00.0,20180108,35311.47
00:00.0,20180107,51927.76
00:00.0,20180106,45496.42
00:00.0,20180105,55704.5
00:00.0,20180104,49010.67
00:00.0,20180103,94547.34
00:00.0,20180102,78667.38
00:00.0,20180101,28196.23
00:00.0,20171231,22013.22
00:00.0,20171230,39405.52
00:00.0,20171229,40692.3
00:00.0,20171228,42478.09
00:00.0,20171227,55086.09
00:00.0,20171226,98544.43
00:00.0,20171225,14985.19
00:00.0,20171224,19892.84
00:00.0,20171223,25807.07
00:00.0,20171222,20184.46
00:00.0,20171221,23592.04
00:00.0,20171220,42848.45
00:00.0,20171219,50167.52
00:00.0,20171218,64148.65
00:00.0,20171217,72239.79
00:00.0,20171216,45057.65
00:00.0,20171215,40159.98
00:00.0,20171214,47941.62
00:00.0,20171213,62371.5
00:00.0,20171212,63452.13
00:00.0,20171211,60961.24
00:00.0,20171210,83474.36
00:00.0,20171209,50372.15
00:00.0,20171208,56995.28
00:00.0,20171207,73259.61
00:00.0,20171206,68686.74
00:00.0,20171205,17062
00:00.0,20171204,18334.8
00:00.0,20171203,28864.31
00:00.0,20171202,22281.67
00:00.0,20171201,16223.35
00:00.0,20171130,21868.32
00:00.0,20171129,22759.59
00:00.0,20171128,17339.27
00:00.0,20171127,57094.97
00:00.0,20171126,75829.09
00:00.0,20171125,35129.48
00:00.0,20171124,64025.48
00:00.0,20171123,28037.7
00:00.0,20171122,35840.64
00:00.0,20171121,3485.62
00:00.0,20171120,17023.67
00:00.0,20171119,18797.1
00:00.0,20171118,12411.1
00:00.0,20171117,12643.76
00:00.0,20171116,12266.17
00:00.0,20171115,17437.53
00:00.0,20171114,14944.75
00:00.0,20171113,15909.69
00:00.0,20171112,18050.67
00:00.0,20171111,21449.55
00:00.0,20171110,14265.22
00:00.0,20171109,11315.89
00:00.0,20171108,18827.3
00:00.0,20171107,15423.42
00:00.0,20171106,15680.98
00:00.0,20171105,22639.57
00:00.0,20171104,16181.59
00:00.0,20171103,58416.65
00:00.0,20171102,37255.14
00:00.0,20171101,33753.91
00:00.0,20171031,26082.3
00:00.0,20171030,95997.27
00:00.0,20171029,55528.46
00:00.0,20171028,35948.24
00:00.0,20171027,36547.34
00:00.0,20171026,32687.53
00:00.0,20171025,44319.44
00:00.0,20171024,16962.31
00:00.0,20171023,18743.55
00:00.0,20171022,25825.17
00:00.0,20171021,19049.47
00:00.0,20171020,18696.23
00:00.0,20171019,16517.24
00:00.0,20171018,21989.91
00:00.0,20171017,16071.2
00:00.0,20171016,20327.67
00:00.0,20171015,29381.39
00:00.0,20171014,33660.23
00:00.0,20171013,53828.36
00:00.0,20171012,19538.81
00:00.0,20171011,11582.37
00:00.0,20171010,13412.69
00:00.0,20171009,17651.26
00:00.0,20171008,20632.44
00:00.0,20171007,14521.73
00:00.0,20171006,13041.91
00:00.0,20171005,13365.82
00:00.0,20171004,16803.47
00:00.0,20171003,10564.25
00:00.0,20171002,101235.98
00:00.0,20171001,88865.71
00:00.0,20170930,37060.97
00:00.0,20170929,31857.94
00:00.0,20170928,38820.47
00:00.0,20170927,40151.49
00:00.0,20170926,33190.23
00:00.0,20170925,22277.97
00:00.0,20170924,19544
00:00.0,20170923,12900.06
00:00.0,20170922,14835.47
00:00.0,20170921,13290.44
00:00.0,20170920,22297.32
00:00.0,20170919,17923.81
00:00.0,20170918,18272.76
00:00.0,20170917,29989.07
00:00.0,20170916,19660.44
00:00.0,20170915,17051.14
00:00.0,20170914,22949
00:00.0,20170913,74006.83
00:00.0,20170912,27972.28
00:00.0,20170911,26635.78
00:00.0,20170910,31212.86
00:00.0,20170909,21025.42
00:00.0,20170908,20221.53
00:00.0,20170907,45447.05
00:00.0,20170906,23343.66
00:00.0,20170905,12571.99
00:00.0,20170904,11194.7
00:00.0,20170903,22001.02
00:00.0,20170902,14277.01
00:00.0,20170901,20008.77
00:00.0,20170831,18529.03
00:00.0,20170830,18054.67
00:00.0,20170829,12940.62
00:00.0,20170828,31894.58
00:00.0,20170827,21852.18
00:00.0,20170826,16087.83
00:00.0,20170825,17157.85
00:00.0,20170824,22150.59
00:00.0,20170823,20174.2
00:00.0,20170822,28194.68
00:00.0,20170821,20675.65
00:00.0,20170820,11756.93
00:00.0,20170819,13586.67
00:00.0,20170818,14298
00:00.0,20170817,14415.02
00:00.0,20170816,11101.32
00:00.0,20170815,14423.69
00:00.0,20170814,8737.63
00:00.0,20170813,12325.01
00:00.0,20170812,11867.97
00:00.0,20170811,12048.28
00:00.0,20170810,12652.47
00:00.0,20170809,12687.46
00:00.0,20170808,15600.74
00:00.0,20170807,10477.84
00:00.0,20170806,14836.65
00:00.0,20170805,12371.19
00:00.0,20170804,12655.89
00:00.0,20170803,14596.93
00:00.0,20170802,19254.41
00:00.0,20170801,23876.27
00:00.0,20170731,66037.17
00:00.0,20170730,61946.89
00:00.0,20170729,42057.72
00:00.0,20170728,68447.07
00:00.0,20170727,114181.36
00:00.0,20170726,52710.16
00:00.0,20170725,11125.26
00:00.0,20170724,11845.18
00:00.0,20170723,19982.29
00:00.0,20170722,13119.47
00:00.0,20170721,20454.47
00:00.0,20170720,11426.4
00:00.0,20170719,17158.75
00:00.0,20170718,7523.39
00:00.0,20170717,8580.11
00:00.0,20170716,16877.36
00:00.0,20170715,11127.61
00:00.0,20170714,11706.15
00:00.0,20170713,14778.91
00:00.0,20170712,19391.57
00:00.0,20170711,23193.44
00:00.0,20170710,19139.46
00:00.0,20170709,32975.09
00:00.0,20170708,22558.42
00:00.0,20170707,28667.1
00:00.0,20170706,45217.98
00:00.0,20170705,26347.15
00:00.0,20170704,32809.68
00:00.0,20170703,39590.55
00:00.0,20170702,58139.74
00:00.0,20170701,93271.86
00:00.0,20170630,35576.76
00:00.0,20170629,23326.64
00:00.0,20170628,16720.22
00:00.0,20170627,11929.43
00:00.0,20170626,12536.12
00:00.0,20170625,22913.17
00:00.0,20170624,16131.93
00:00.0,20170623,15122.12
00:00.0,20170622,20943.24
00:00.0,20170621,22913.92
00:00.0,20170620,23656.18
00:00.0,20170619,24365.14
00:00.0,20170618,33156.58
00:00.0,20170617,28989.97
00:00.0,20170616,34181
00:00.0,20170615,39603.89
00:00.0,20170614,50609.3
00:00.0,20170613,43355.99
00:00.0,20170612,27794.58
00:00.0,20170611,19148.87
00:00.0,20170610,14990.3
00:00.0,20170609,22752.66
00:00.0,20170608,12303.82
00:00.0,20170607,16855.49
00:00.0,20170606,14916.2
00:00.0,20170605,24517.44
00:00.0,20170604,20600.69
00:00.0,20170603,19927.11
00:00.0,20170602,16493.37
00:00.0,20170601,20720.2
00:00.0,20170531,25582.18
00:00.0,20170530,21485.28
00:00.0,20170529,16015.48
00:00.0,20170528,44004.8
00:00.0,20170527,28124.5
00:00.0,20170526,22319.55
00:00.0,20170525,26946.54
00:00.0,20170524,15486.68
00:00.0,20170523,12215.14
00:00.0,20170522,19402.29
00:00.0,20170521,21499.03
00:00.0,20170520,41569.33
00:00.0,20170519,14060.7
00:00.0,20170518,17370.9
00:00.0,20170517,23455.79
00:00.0,20170516,21349.59
00:00.0,20170515,21856.91
00:00.0,20170514,27063.77
00:00.0,20170513,18469.27
00:00.0,20170512,16416.05
00:00.0,20170511,17390.74
00:00.0,20170510,21376.37
00:00.0,20170509,15288.32
00:00.0,20170508,17190.52
00:00.0,20170507,26983.62
00:00.0,20170506,15567.52
00:00.0,20170505,18667.58
00:00.0,20170504,12184.43
00:00.0,20170503,27857.04
00:00.0,20170502,27004.03
00:00.0,20170501,146445.18
00:00.0,20170430,72769.31
00:00.0,20170429,84123.19
00:00.0,20170428,30045.14
00:00.0,20170427,29883.53
00:00.0,20170426,43374.6
00:00.0,20170425,26920.45
00:00.0,20170424,22620.45
00:00.0,20170423,29693.4
00:00.0,20170422,54506.71
00:00.0,20170421,24580.28
00:00.0,20170420,29882.85
00:00.0,20170419,63832.64
00:00.0,20170418,20309.19
00:00.0,20170417,50523.24
00:00.0,20170416,93793.99
00:00.0,20170415,43970.45
00:00.0,20170414,51369.17
00:00.0,20170413,24935.27
00:00.0,20170412,25386.79
00:00.0,20170411,24415.93
00:00.0,20170410,30985.38
00:00.0,20170409,20861.47
00:00.0,20170408,21555.34
00:00.0,20170407,30059.58
00:00.0,20170406,22877.6
00:00.0,20170405,29881.42
00:00.0,20170404,21612.01
00:00.0,20170403,24900.93
00:00.0,20170402,33890.66
00:00.0,20170401,31149.38
00:00.0,20170331,36881.01
00:00.0,20170330,218864.03
00:00.0,20170329,47647.49
00:00.0,20170328,33618.75
00:00.0,20170327,32415.7
00:00.0,20170326,20911.19
00:00.0,20170325,14823.37
00:00.0,20170324,18758.8
00:00.0,20170323,12599.03
00:00.0,20170322,14950.37
00:00.0,20170321,18155.35
00:00.0,20170320,10862.29
00:00.0,20170319,33706.53
00:00.0,20170318,21032.13
00:00.0,20170317,17452.35
00:00.0,20170316,18680.88
00:00.0,20170315,16538.05
00:00.0,20170314,10727.88
00:00.0,20170313,16254.89
00:00.0,20170312,25033.62
00:00.0,20170311,17188.4
00:00.0,20170310,12546.59
00:00.0,20170309,14701.59
00:00.0,20170308,27593.29
00:00.0,20170307,18020.19
00:00.0,20170306,15352.32
00:00.0,20170305,15159.76
00:00.0,20170304,13152.36
00:00.0,20170303,11908.57
00:00.0,20170302,9502.72
00:00.0,20170301,12334.69
00:00.0,20170228,11414.95
00:00.0,20170227,6992.81
00:00.0,20170226,37055.85
00:00.0,20170225,7451.38
00:00.0,20170224,9032.2
00:00.0,20170223,6687.05
00:00.0,20170222,10262.6
00:00.0,20170221,7874.06
00:00.0,20170220,10686.36
00:00.0,20170219,14099.9
00:00.0,20170218,12251.3
00:00.0,20170217,10252.71
00:00.0,20170216,7028.84
00:00.0,20170215,14864.39
00:00.0,20170214,6668.61
00:00.0,20170213,9550.59
00:00.0,20170212,18701.72
00:00.0,20170211,15726.24
00:00.0,20170210,14532.1
00:00.0,20170209,16949.57
00:00.0,20170208,19597.98
00:00.0,20170207,16769.6
00:00.0,20170206,10674.14
00:00.0,20170205,17155.97
00:00.0,20170204,16212.72
00:00.0,20170203,12380.43
00:00.0,20170202,14236.53
00:00.0,20170201,22059.08
00:00.0,20170131,40422.9
00:00.0,20170130,40753.63
00:00.0,20170129,35679.84
00:00.0,20170128,31956.28
00:00.0,20170127,42066.95
00:00.0,20170126,67536.26
00:00.0,20170125,28688.49
00:00.0,20170124,11248.18
00:00.0,20170123,9821.71
00:00.0,20170122,18821.86
00:00.0,20170121,13741.04
00:00.0,20170120,17476.36
00:00.0,20170119,18853.26
00:00.0,20170118,17751.13
00:00.0,20170117,8502.06
00:00.0,20170116,10408.31
00:00.0,20170115,22777.09
00:00.0,20170114,19350.73
00:00.0,20170113,17387.43
00:00.0,20170112,14763.78
00:00.0,20170111,17147.78
00:00.0,20170110,12028.12
00:00.0,20170109,17777.29
00:00.0,20170108,41129.96
00:00.0,20170107,43198.89
00:00.0,20170106,55104.19
00:00.0,20170105,53693.75
00:00.0,20170104,30730.15
00:00.0,20170103,59245.78
00:00.0,20170102,108225.26
00:00.0,20170101,15373.38
00:00.0,20161231,11177
00:00.0,20161230,23880.2
00:00.0,20161229,27825.87
00:00.0,20161228,18133.09
00:00.0,20161227,20618.95
00:00.0,20161226,23700.51
00:00.0,20161225,10080.98
00:00.0,20161224,10375.36
00:00.0,20161223,12438.36
00:00.0,20161222,14392.43
00:00.0,20161221,28813.52
00:00.0,20161220,37286.92
00:00.0,20161219,38885.24
00:00.0,20161218,57723.96
00:00.0,20161217,43812.12
00:00.0,20161216,69236.4
00:00.0,20161215,32063.6
00:00.0,20161214,36199.26
00:00.0,20161213,36086.11
00:00.0,20161212,55087.3
00:00.0,20161211,30254.8
00:00.0,20161210,16954.92
00:00.0,20161209,16215.85
00:00.0,20161208,16145.9
00:00.0,20161207,22620.22
00:00.0,20161206,16358.82
00:00.0,20161205,13300.67
00:00.0,20161204,23242.2
00:00.0,20161203,15239.65
00:00.0,20161202,18475.59
00:00.0,20161201,17611.35
00:00.0,20161130,19467.15
00:00.0,20161129,16237.6
00:00.0,20161128,50397.41
00:00.0,20161127,36472.7
00:00.0,20161126,25397.27
00:00.0,20161125,43746.2
00:00.0,20161124,15833.7
00:00.0,20161123,24657.73
00:00.0,20161122,15687.8
00:00.0,20161121,9875.39
00:00.0,20161120,14727.2
00:00.0,20161119,10162.08
00:00.0,20161118,8713.68
00:00.0,20161117,7165.05
00:00.0,20161116,8813.92
00:00.0,20161115,8805.35
00:00.0,20161114,9543.15
00:00.0,20161113,48754.82
00:00.0,20161112,39094.71
00:00.0,20161111,11868.16
00:00.0,20161110,6118.3
00:00.0,20161109,9463.49
00:00.0,20161108,7928.26
00:00.0,20161107,11590.45
00:00.0,20161106,27314.98
00:00.0,20161105,19723.48
00:00.0,20161104,16432.34
00:00.0,20161103,12781.3
00:00.0,20161102,9164
00:00.0,20161101,61005.91
00:00.0,20161031,33207.69
00:00.0,20161030,33969.19
00:00.0,20161029,46907.95
00:00.0,20161028,8573.79
00:00.0,20161027,9767.39
00:00.0,20161026,18232.1
00:00.0,20161025,15847.8
00:00.0,20161024,17320.35
00:00.0,20161023,20784.26
00:00.0,20161022,14835.09
00:00.0,20161021,15009.07
00:00.0,20161020,12962.92
00:00.0,20161019,12914.83
00:00.0,20161018,12149.16
00:00.0,20161017,15309.24
00:00.0,20161016,23616.21
00:00.0,20161015,22920.74
00:00.0,20161014,33111.09
00:00.0,20161013,13581.73
00:00.0,20161012,24454.25
00:00.0,20161011,16299.35
00:00.0,20161010,21213.94
00:00.0,20161009,25924.02
00:00.0,20161008,19514.41
00:00.0,20161007,19931.87
00:00.0,20161006,15668.81
00:00.0,20161005,23110.8
00:00.0,20161004,14585.21
00:00.0,20161003,17049.78
00:00.0,20161002,95348.31
00:00.0,20161001,43736.36
00:00.0,20160930,162290.62
00:00.0,20160929,156328.53
00:00.0,20160928,31646.14
00:00.0,20160927,27857.39
00:00.0,20160926,26163.82
00:00.0,20160925,12531.85
00:00.0,20160924,9907.31
00:00.0,20160923,9250.14
00:00.0,20160922,8909.05
00:00.0,20160921,8725.15
00:00.0,20160920,10031.48
00:00.0,20160919,9075.69
00:00.0,20160918,11156.07
00:00.0,20160917,7157.7
00:00.0,20160916,7848.92
00:00.0,20160915,5073.12
00:00.0,20160914,7620.88
00:00.0,20160913,4047.05
00:00.0,20160912,5342.61
00:00.0,20160911,26886.66
00:00.0,20160910,9458.33
00:00.0,20160909,10394.83
00:00.0,20160908,10904.41
00:00.0,20160907,13066.97
00:00.0,20160906,8179.96
00:00.0,20160905,8196.75
00:00.0,20160904,28608.18
00:00.0,20160903,12429.83
00:00.0,20160902,10827.03
00:00.0,20160901,12506.18
00:00.0,20160831,9754.58
00:00.0,20160830,12051.98
00:00.0,20160829,11542.05
00:00.0,20160828,9249.02
00:00.0,20160827,7193.02
00:00.0,20160826,7759.51
00:00.0,20160825,6138.86
00:00.0,20160824,8595.6
00:00.0,20160823,7544.34
00:00.0,20160822,10662.94
00:00.0,20160821,18390.36
00:00.0,20160820,12837.33
00:00.0,20160819,14033.15
00:00.0,20160818,12653.79
00:00.0,20160817,14858.46
00:00.0,20160816,8582.13
00:00.0,20160815,18806.89
00:00.0,20160814,15507.28
00:00.0,20160813,4560.52
00:00.0,20160812,7916.65
00:00.0,20160811,8025.12
00:00.0,20160810,7579.44
00:00.0,20160809,6323.42
00:00.0,20160808,9140.66
00:00.0,20160807,5732.89
00:00.0,20160806,5360.51
00:00.0,20160805,3805.02
00:00.0,20160804,5121.14
00:00.0,20160803,9683.9
00:00.0,20160802,9043.3
00:00.0,20160801,11182.15
00:00.0,20160731,36932.37
00:00.0,20160730,32391.18
00:00.0,20160729,35472.67
00:00.0,20160728,31785.69
00:00.0,20160727,43143.01
00:00.0,20160726,71258.46
00:00.0,20160725,8558.42
00:00.0,20160724,19267.76
00:00.0,20160723,13593.63
00:00.0,20160722,12709.66
00:00.0,20160721,25419.45
00:00.0,20160720,19054.43
00:00.0,20160719,14646.07
00:00.0,20160718,13066.86
00:00.0,20160717,12032.08
00:00.0,20160716,11452.58
00:00.0,20160715,13259.66
00:00.0,20160714,9902.57
00:00.0,20160713,12602.45
00:00.0,20160712,17095.18
00:00.0,20160711,18591.06
00:00.0,20160710,17422.95
00:00.0,20160709,13242.57
00:00.0,20160708,22213.18
00:00.0,20160707,12993.73
00:00.0,20160706,14184.34
00:00.0,20160705,19602.29
00:00.0,20160704,20724.14
00:00.0,20160703,28047.01
00:00.0,20160702,32730.84
00:00.0,20160701,58785.87
00:00.0,20160630,28777.85
00:00.0,20160629,22048.52
00:00.0,20160628,13038.44
00:00.0,20160627,10761.06
00:00.0,20160626,17723.5
00:00.0,20160625,12864.09
00:00.0,20160624,11156.87
00:00.0,20160623,8556.04
00:00.0,20160622,13055.21
00:00.0,20160621,16519.49
00:00.0,20160620,15406.05
00:00.0,20160619,26028.98
00:00.0,20160618,27378.78
00:00.0,20160617,35629.22
00:00.0,20160616,31031.13
00:00.0,20160615,18473.3
00:00.0,20160614,7599.97
00:00.0,20160613,8856.61
00:00.0,20160612,16442.21
00:00.0,20160611,10268.95
00:00.0,20160610,8702.78
00:00.0,20160609,8161.42
00:00.0,20160608,9374.25
00:00.0,20160607,8088.31
00:00.0,20160606,8385.2
00:00.0,20160605,18404.67
00:00.0,20160604,11176.35
00:00.0,20160603,10911.31
00:00.0,20160602,13129.62
00:00.0,20160601,17289.87
00:00.0,20160531,10342.63
00:00.0,20160530,11062.07
00:00.0,20160529,17018.78
00:00.0,20160528,9466.69
00:00.0,20160527,10426.53
00:00.0,20160526,11535.09
00:00.0,20160525,17382.28
00:00.0,20160524,12803.16
00:00.0,20160523,11371.79
00:00.0,20160522,14136.15
00:00.0,20160521,12622.69
00:00.0,20160520,7640.9
00:00.0,20160519,8681
00:00.0,20160518,13410.06
00:00.0,20160517,14029.43
00:00.0,20160516,69864.17
00:00.0,20160515,24106.62
00:00.0,20160514,17621.62
00:00.0,20160513,17533.26
00:00.0,20160512,22746.47
00:00.0,20160511,24275.41
00:00.0,20160510,20896.05
00:00.0,20160509,19156.91
00:00.0,20160508,24447.34
00:00.0,20160507,14198.1
00:00.0,20160506,18457.6
00:00.0,20160505,17824.63
00:00.0,20160504,22584.61
00:00.0,20160503,21631.73
00:00.0,20160502,22546.76
00:00.0,20160501,27411.76
00:00.0,20160430,23184.95
00:00.0,20160429,13532.07
00:00.0,20160428,14401.08
00:00.0,20160427,22123.14
00:00.0,20160426,9675.99
00:00.0,20160425,7794.88
00:00.0,20160424,12454.83
00:00.0,20160423,10447.8
00:00.0,20160422,8666.5
00:00.0,20160421,11461.89
00:00.0,20160420,11839.77
00:00.0,20160419,9035
00:00.0,20160418,12818.75
00:00.0,20160417,20990.3
00:00.0,20160416,15074.33
00:00.0,20160415,15855.79
00:00.0,20160414,17694.05
00:00.0,20160413,27778.12
00:00.0,20160412,17092.76
00:00.0,20160411,14773.98
00:00.0,20160410,49475.48
00:00.0,20160409,19697.27
00:00.0,20160408,15894.07
00:00.0,20160407,13042.39
00:00.0,20160406,18409.13
00:00.0,20160405,21295.79
00:00.0,20160404,12554.7
00:00.0,20160403,15777.93
00:00.0,20160402,11868.68
00:00.0,20160401,15444.11
00:00.0,20160331,12827.09
00:00.0,20160330,14685.71
00:00.0,20160329,16588.15
00:00.0,20160328,71170.93
00:00.0,20160327,40797.05
00:00.0,20160326,39973.91
00:00.0,20160325,28664.63
00:00.0,20160324,27189.18
00:00.0,20160323,52438.64
00:00.0,20160322,11948.66
00:00.0,20160321,17392.9
00:00.0,20160320,19974.61
00:00.0,20160319,16272.4
00:00.0,20160318,16243.46
00:00.0,20160317,15304.83
00:00.0,20160316,14783.15
00:00.0,20160315,10065.82
00:00.0,20160314,8674.56
00:00.0,20160313,12132.52
00:00.0,20160312,12935.19
00:00.0,20160311,9954.64
00:00.0,20160310,7992.01
00:00.0,20160309,13813.68
00:00.0,20160308,11101.04
00:00.0,20160307,11436.34
00:00.0,20160306,16795.42
00:00.0,20160305,13933.01
00:00.0,20160304,9828.88
00:00.0,20160303,10591.91
00:00.0,20160302,27429
00:00.0,20160301,9709.94
00:00.0,20160229,7101.84
00:00.0,20160228,7987.56
00:00.0,20160227,9089.7
00:00.0,20160226,6589.25
00:00.0,20160225,2462.98
00:00.0,20160224,5340.67
00:00.0,20160223,4868.14
00:00.0,20160222,5234.2
00:00.0,20160221,7281.04
00:00.0,20160220,6432.09
00:00.0,20160219,5758.75
00:00.0,20160218,6184.82
00:00.0,20160217,9344.66
00:00.0,20160216,5954.21
00:00.0,20160215,3197.2
00:00.0,20160214,9722.39
00:00.0,20160213,5756.6
00:00.0,20160212,4909.84
00:00.0,20160211,5429.21
00:00.0,20160210,10088.47
00:00.0,20160209,12353.57
00:00.0,20160208,8605.73
00:00.0,20160207,10427.1
00:00.0,20160206,8011.21
00:00.0,20160205,4488.47
00:00.0,20160204,4920.98
00:00.0,20160203,8079.62
00:00.0,20160202,8626.21
00:00.0,20160201,8463.24
00:00.0,20160131,42877.18
00:00.0,20160130,31532.6
00:00.0,20160129,28071.02
00:00.0,20160128,53966.13
00:00.0,20160127,83738.81
00:00.0,20160126,51373.79
00:00.0,20160125,12802.83
00:00.0,20160124,20902.67
00:00.0,20160123,21317.76
00:00.0,20160122,13779.51
00:00.0,20160121,20135.39
00:00.0,20160120,35108.6
00:00.0,20160119,78905.04
00:00.0,20160118,9131.22
00:00.0,20160117,19540.49
00:00.0,20160116,16408.13
00:00.0,20160115,18085.4
00:00.0,20160114,20771.53
00:00.0,20160113,17131.64
00:00.0,20160112,18473.39
00:00.0,20160111,22539.72
00:00.0,20160110,30632.22
00:00.0,20160109,30830.39
00:00.0,20160108,45182.55
00:00.0,20160107,14497.07
00:00.0,20160106,73620.2
00:00.0,20160105,18737.32
00:00.0,20160104,22376.16
00:00.0,20160103,45268.22
00:00.0,20160102,92644.49
00:00.0,20160101,6206.87
00:00.0,20151231,4821.8
00:00.0,20151230,8157.55
00:00.0,20151229,8721.54
00:00.0,20151228,10005.91
00:00.0,20151227,10605.44
00:00.0,20151226,8299.78
00:00.0,20151225,8395.87
00:00.0,20151224,6926.05
00:00.0,20151223,13057.11
00:00.0,20151222,14582.16
00:00.0,20151221,20534.61
00:00.0,20151220,19024.4
00:00.0,20151219,15454.44
00:00.0,20151218,17894.57
00:00.0,20151217,27578.29
00:00.0,20151216,62598.83
00:00.0,20151215,39779.94
00:00.0,20151214,16342.1
00:00.0,20151213,20402.25
00:00.0,20151212,14228.09
00:00.0,20151211,10820.99
00:00.0,20151210,11096.94
00:00.0,20151209,14459.13
00:00.0,20151208,11409.37
00:00.0,20151207,10077.07
00:00.0,20151206,21408.21
00:00.0,20151205,14234.27
00:00.0,20151204,12313.74
00:00.0,20151203,16368.58
00:00.0,20151202,20703.98
00:00.0,20151201,11332.22
00:00.0,20151130,16860.86
00:00.0,20151129,24246.97
00:00.0,20151128,14236.28
00:00.0,20151127,17076.36
00:00.0,20151126,15075.78
00:00.0,20151125,21204.3
00:00.0,20151124,14736.59
00:00.0,20151123,15399.08
00:00.0,20151122,15179.73
00:00.0,20151121,10032.83
00:00.0,20151120,7763.33
00:00.0,20151119,7792.15
00:00.0,20151118,8365.73
00:00.0,20151117,6084.67
00:00.0,20151116,8310.62
00:00.0,20151115,13381.78
00:00.0,20151114,15500.45
00:00.0,20151113,9646.42
00:00.0,20151112,9958.78
00:00.0,20151111,78177.48
00:00.0,20151110,14458.33
00:00.0,20151109,21668.4
00:00.0,20151108,124911.3
00:00.0,20151107,114847.6
00:00.0,20151106,84656.96
00:00.0,20151105,13850.52
00:00.0,20151104,18064.93
00:00.0,20151103,15436
00:00.0,20151102,93250.13
00:00.0,20151101,69606.86
00:00.0,20151031,77023.13
00:00.0,20151030,12206.06
00:00.0,20151029,14115.72
00:00.0,20151028,17046.1
00:00.0,20151027,11894.74
00:00.0,20151026,9676.29
00:00.0,20151025,16099.15
00:00.0,20151024,10688.46
00:00.0,20151023,5630.83
00:00.0,20151022,11836.66
00:00.0,20151021,18505.68
00:00.0,20151020,22704.63
00:00.0,20151019,21660.15
00:00.0,20151018,48208.26
00:00.0,20151017,42545.66
00:00.0,20151016,15182.05
00:00.0,20151015,31013.97
00:00.0,20151014,25805.03
00:00.0,20151013,22851.05
00:00.0,20151012,18865.07
00:00.0,20151011,25682.88
00:00.0,20151010,20076.39
00:00.0,20151009,11835.5
00:00.0,20151008,15529.36
00:00.0,20151007,23307.67
00:00.0,20151006,24570.84
00:00.0,20151005,223.58
00:00.0,20151004,16161.99
00:00.0,20151003,11270.43
00:00.0,20151002,10974.31
00:00.0,20151001,14235.67
00:00.0,20150930,19060.74
00:00.0,20150929,9647.48
00:00.0,20150928,10771.78
00:00.0,20150927,15537.41
00:00.0,20150926,13619.68
00:00.0,20150925,7405.2
00:00.0,20150924,6740.85
00:00.0,20150923,13996.94
00:00.0,20150922,11814.23
00:00.0,20150921,7785.22
00:00.0,20150920,13073.52
00:00.0,20150919,9031.35
00:00.0,20150918,10453.21
00:00.0,20150917,10687.51
00:00.0,20150916,15252.02
00:00.0,20150915,10744.58
00:00.0,20150914,9859.86
00:00.0,20150913,16909.57
00:00.0,20150912,12434.29
00:00.0,20150911,7589.3
00:00.0,20150910,8545.61
00:00.0,20150909,14838.78
00:00.0,20150908,12078.78
00:00.0,20150907,11618.86
00:00.0,20150906,56838.64
00:00.0,20150905,20959.8
00:00.0,20150904,14526.18
00:00.0,20150903,19103.42
00:00.0,20150902,19191.67
00:00.0,20150901,11318.38
